status,post_date,user_email,first_name,last_name,currency,price,tax,discount,downloads
Complete,"2015-03-17 05:31:57",dgriffiths@section214.com,Dan,Griffiths,USD,$1.00,$0.00,none,"A Music Album|One More Sample Product"
Complete,"2015-03-13 05:52:07",dgriffiths@section214.com,Dan,Griffiths,USD,$0.00,$0.00,none,"Sample PDF"
Complete,"2015-03-13 05:49:50",dgriffiths@section214.com,Dan,Griffiths,USD,$0.00,$0.00,none,"Sample PDF"
Complete,"2015-03-13 04:16:34",dgriffiths@section214.com,Dan,Griffiths,USD,$0.00,$0.00,none,"Sample PDF"
Complete,"2015-03-12 08:00:34",dgriffiths@ghost1227.com,Daniel,Griffiths,USD,$0.00,$0.00,none,"Sample PDF"
Complete,"2015-03-12 07:59:55",dgriffiths@ghost1227.com,Daniel,Griffiths,USD,$0.00,$0.00,none,"Sample PDF"
Complete,"2015-03-11 20:37:52",dgriffiths@section214.com,Dan,Griffiths,USD,$30.00,$0.00,none,"One More Sample Product"
Complete,"2015-03-11 19:41:38",dgriffiths@section214.com,Dan,Griffiths,USD,$0.00,$0.00,none,"Sample FREE Product"
Complete,"2015-03-11 19:29:51",dgriffiths@section214.com,Dan,Griffiths,USD,$0.00,$0.00,none,"Sample FREE Product"
Complete,"2015-03-11 19:23:44",dgriffiths@section214.com,Dan,Griffiths,USD,$1.00,$0.00,none,"A Music Album"
Complete,"2015-03-03 03:08:07",dgriffiths@section214.com,Dan,Griffiths,USD,$0.00,$0.00,none,"Sample PDF"
Complete,"2015-03-03 02:07:35",dgriffiths@section214.com,Dan,Griffiths,USD,$0.00,$0.00,none,"Sample PDF"
Complete,"2015-03-03 02:07:07",dgriffiths@section214.com,Dan,Griffiths,USD,$0.00,$0.00,none,"Sample PDF"
Complete,"2015-03-02 18:42:52",dgriffiths@section214.com,Dan,Griffiths,USD,$0.00,$0.00,none,"Sample PDF"
Complete,"2015-03-02 18:08:41",dgriffiths@section214.com,Dan,Griffiths,USD,$0.00,$0.00,none,"Sample PDF"
Complete,"2015-03-02 17:16:25",dgriffiths@section214.com,Dan,Griffiths,USD,$0.00,$0.00,none,"Sample PDF"
Complete,"2015-03-02 12:05:03",dgriffiths@section214.com,Dan,Griffiths,USD,$0.00,$0.00,none,"Sample PDF"
Complete,"2015-03-02 12:04:24",dgriffiths@section214.com,Dan,Griffiths,USD,$0.00,$0.00,none,"Sample PDF"
Complete,"2015-03-02 11:05:41",dgriffiths@section214.com,Dan,Griffiths,USD,$0.00,$0.00,none,"Sample PDF"
Complete,"2015-03-02 11:01:28",dgriffiths@section214.com,Dan,Griffiths,USD,$0.00,$0.00,none,"Sample PDF"
